Workbook

Sheet Action Items
A1: PO Requisition Agent — Action Items
A2: # | B2: Category | C2: Action Item | D2: Details | E2: Priority | F2: Owner | G2: Due Date | H2: Status | I2: Source
A3: 1 | B3: Data Quality | C3: Fix upstream ERP export — Tax Amount column | D3: Source system exports Total Amount as post-tax but does not populate Tax Amount ($). Agent validation rule now handles this (see validator.py), but root fix belongs in the ERP export query/template. | E3: Critical | F3: Finance Ops / ERP Admin | G3: 2026-06-15 | H3: Open | I3: reports/validation_failure_analysis.md
A4: 2 | B4: Data Quality | C4: Re-run agent after ERP export fix and confirm 0 errors | D4: Once Tax Amount ($) is correctly exported, re-run against a fresh dataset and verify the 75% failure rate drops to 0. | E4: High | F4: Finance Ops | G4: 2026-06-20 | H4: Open | I4: reports/run_summary_20260529.md
A5: 3 | B5: Approval Queue | C5: VP review — 33 POs pending sign-off ($2.9M spend) | D5: 33 POs routed to VP Approval tier are awaiting review. Largest: PO-2024-0150 ($190,987), PO-2025-0007 ($189,729), PO-2024-0136 ($186,326). | E5: Critical | F5: VP / Procurement Lead | G5: 2026-06-05 | H5: Open | I5: outputs/PO_Processed_20260529_224746.xlsx — Approval Queue sheet
A6: 4 | B6: Approval Queue | C6: Manager review — 14 POs pending sign-off ($200K spend) | D6: 14 POs in the Manager Approval tier ($5K–$25K). Should be cleared before VP queue. | E6: High | F6: Department Managers | G6: 2026-06-05 | H6: Open | I6: outputs/PO_Processed_20260529_224746.xlsx — Approval Queue sheet
A7: 5 | B7: Vendor Risk | C7: Investigate SecureNet Systems vendor concentration | D7: SecureNet Systems represents 20.1% of run spend ($626,438 of $3.1M), marginally above the 20% concentration threshold. Review IT Hardware sourcing strategy and qualify at least one alternative supplier. | E7: High | F7: Procurement / IT Lead | G7: 2026-06-30 | H7: Open | I7: reports/vendor_concentration_watch.md
A8: 6 | B8: Vendor Risk | C8: Verify preferred-supplier status for all vendors in run | D8: Cross-reference vendor_allowlist.csv against POs in the run. Flag any Vendor IDs not on the approved list. | E8: Medium | F8: Procurement | G8: 2026-06-30 | H8: Open | I8: config/vendor_allowlist.csv
A9: 7 | B9: Stale POs | C9: Triage 62 POs with past-due Needed By dates | D9: 62 POs have a Needed By Date in the past. Oldest: PO-2025-0183 (due 2024-02-11). Determine: retroactive booking, stale requisition, or legitimate delay. | E9: High | F9: Finance Ops / Dept Owners | G9: 2026-06-10 | H9: Open | I9: outputs/agent_log_20260529_224746.txt — Past-due section
A10: 8 | B10: Stale POs | C10: Cancel or close confirmed stale requisitions | D10: After triage (#7), cancel POs confirmed as stale to keep the register clean. Update Status to 'Closed' in the source system. | E10: Medium | F10: Finance Ops | G10: 2026-06-20 | H10: Open | I10: Dependent on #7
A11: 9 | B11: Compliance | C11: Audit high-volume requesters for split-order activity | D11: 10 requesters exceeded the 10-PO threshold. Top: Monica Shaw (24), Patricia Dunn (23), Robert Nash (23). Spot-check for PO splitting to avoid approval thresholds. | E11: High | F11: Internal Audit / Finance | G11: 2026-06-30 | H11: Open | I11: outputs/agent_log_20260529_224746.txt — Anomalies section
A12: 10 | B12: Compliance | C12: Review high-value POs > $100K (10 flagged) | D12: 10 POs exceed $100K — all correctly routed to VP tier. Confirm each has a valid business justification on file before VP sign-off. | E12: High | F12: VP / Finance | G12: 2026-06-05 | H12: Open | I12: outputs/agent_log_20260529_224746.txt — Anomalies section
A13: 11 | B13: Agent / Code | C13: Update CLAUDE.md validation rule to reflect tax-aware formula | D13: The STEP 2 validation spec still documents the old rule (Total = Qty × Unit Price). Update to: Total Amount ≈ (Qty × Unit Price) + Tax Amount. | E13: Medium | F13: Engineering | G13: 2026-06-07 | H13: Open | I13: CLAUDE.md — STEP 2 / Business Rules Reference
A14: 12 | B14: Agent / Code | C14: Bump agent version to 1.1.0 after validation fix | D14: validator.py was patched (tax-aware check). Update src/version.py from 1.0.0 → 1.1.0 and add a CHANGELOG entry. | E14: Low | F14: Engineering | G14: 2026-06-07 | H14: Open | I14: src/version.py, CHANGELOG.md
... A19: 17 | B19: CI / DevOps | C19: Add test coverage for validator.py tax-aware rule | D19: test_validator.py should have at least one test for the updated total amount check (with and without Tax Amount). Ensures the fix doesn't regress. | E19: Medium | F19: Engineering | G19: 2026-06-14 | H19: Open | I19: tests/test_validator.py

Sheet Summary
A1: Action Items Summary
A3: Status | B3: Count | D3: Priority | E3: Count
A4: Open | B4: =COUNTIF('Action Items'!H:H,A4) | D4: Critical | E4: =COUNTIF('Action Items'!E:E,D4)
A5: In Progress | B5: =COUNTIF('Action Items'!H:H,A5) | D5: High | E5: =COUNTIF('Action Items'!E:E,D5)
A6: Done | B6: =COUNTIF('Action Items'!H:H,A6) | D6: Medium | E6: =COUNTIF('Action Items'!E:E,D6)
A7: Blocked | B7: =COUNTIF('Action Items'!H:H,A7) | D7: Low | E7: =COUNTIF('Action Items'!E:E,D7)
A8: Total | B8: =SUM(B4:B7) | D8: Total | E8: =SUM(E4:E7)
A11: Category Breakdown
A12: Category | B12: Total Items | C12: Open | D12: Done
A13: Agent / Code | B13: =COUNTIF('Action Items'!B:B,A13) | C13: =COUNTIFS('Action Items'!B:B,A13,'Action Items'!H:H,"Open") | D13: =COUNTIFS('Action Items'!B:B,A13,'Action Items'!H:H,"Done")
A14: Approval Queue | B14: =COUNTIF('Action Items'!B:B,A14) | C14: =COUNTIFS('Action Items'!B:B,A14,'Action Items'!H:H,"Open") | D14: =COUNTIFS('Action Items'!B:B,A14,'Action Items'!H:H,"Done")
A15: CI / DevOps | B15: =COUNTIF('Action Items'!B:B,A15) | C15: =COUNTIFS('Action Items'!B:B,A15,'Action Items'!H:H,"Open") | D15: =COUNTIFS('Action Items'!B:B,A15,'Action Items'!H:H,"Done")
A16: Compliance | B16: =COUNTIF('Action Items'!B:B,A16) | C16: =COUNTIFS('Action Items'!B:B,A16,'Action Items'!H:H,"Open") | D16: =COUNTIFS('Action Items'!B:B,A16,'Action Items'!H:H,"Done")
A17: Data Quality | B17: =COUNTIF('Action Items'!B:B,A17) | C17: =COUNTIFS('Action Items'!B:B,A17,'Action Items'!H:H,"Open") | D17: =COUNTIFS('Action Items'!B:B,A17,'Action Items'!H:H,"Done")
A18: Documentation | B18: =COUNTIF('Action Items'!B:B,A18) | C18: =COUNTIFS('Action Items'!B:B,A18,'Action Items'!H:H,"Open") | D18: =COUNTIFS('Action Items'!B:B,A18,'Action Items'!H:H,"Done")
A19: Stale POs | B19: =COUNTIF('Action Items'!B:B,A19) | C19: =COUNTIFS('Action Items'!B:B,A19,'Action Items'!H:H,"Open") | D19: =COUNTIFS('Action Items'!B:B,A19,'Action Items'!H:H,"Done")
A20: Vendor Risk | B20: =COUNTIF('Action Items'!B:B,A20) | C20: =COUNTIFS('Action Items'!B:B,A20,'Action Items'!H:H,"Open") | D20: =COUNTIFS('Action Items'!B:B,A20,'Action Items'!H:H,"Done")
